{"cameraMode":{"drawMode":0,"name":"Shaded","section":"Shading Mode"},"sceneLighting":true,"audioPlay":false,"sceneViewState":{"m_AlwaysRefresh":false,"showFog":true,"showSkybox":true,"showFlares":true,"showImageEffects":true,"showParticleSystems":true,"showVisualEffectGraphs":true,"m_FxEnabled":true},"in2DMode":false,"pivot":{"x":61.506690979003909,"y":28.889314651489259,"z":75.17915344238281},"rotation":{"x":0.10906659811735153,"y":-0.7331594824790955,"z":0.12111269682645798,"w":0.6602381467819214},"size":43.02838134765625,"orthographic":true}