{"cameraMode":{"drawMode":0,"name":"Shaded","section":"Shading Mode"},"sceneLighting":true,"audioPlay":false,"sceneViewState":{"m_AlwaysRefresh":false,"showFog":true,"showSkybox":true,"showFlares":true,"showImageEffects":true,"showParticleSystems":true,"showVisualEffectGraphs":true,"m_FxEnabled":true},"in2DMode":false,"pivot":{"x":23.280275344848634,"y":-3.498655080795288,"z":42.154701232910159},"rotation":{"x":0.33464524149894717,"y":-0.2595427632331848,"z":0.09642459452152252,"w":0.9007512927055359},"size":31.69656753540039,"orthographic":false}