{"cameraMode":{"drawMode":0,"name":"Shaded","section":"Shading Mode"},"sceneLighting":true,"audioPlay":false,"sceneViewState":{"m_AlwaysRefresh":false,"showFog":true,"showSkybox":true,"showFlares":true,"showImageEffects":true,"showParticleSystems":true,"showVisualEffectGraphs":true,"m_FxEnabled":true},"in2DMode":false,"pivot":{"x":-1.52397620677948,"y":-1.2321535348892213,"z":-4.655674457550049},"rotation":{"x":-0.0033911934588104488,"y":0.9570044875144959,"z":-0.28985628485679629,"w":-0.011195954866707325},"size":19.932735443115236,"orthographic":false}