{"cameraMode":{"drawMode":0,"name":"Shaded","section":"Shading Mode"},"sceneLighting":true,"audioPlay":false,"sceneViewState":{"m_AlwaysRefresh":false,"showFog":true,"showSkybox":true,"showFlares":true,"showImageEffects":true,"showParticleSystems":true,"showVisualEffectGraphs":true,"m_FxEnabled":true},"in2DMode":false,"pivot":{"x":-1.2288535833358765,"y":0.6876184940338135,"z":0.9190171360969544},"rotation":{"x":-0.21662621200084687,"y":0.06338400393724442,"z":-0.014095794409513474,"w":-0.9740939140319824},"size":13.377145767211914,"orthographic":false}