{"cameraMode":{"drawMode":0,"name":"Shaded","section":"Shading Mode"},"sceneLighting":false,"audioPlay":false,"sceneViewState":{"m_AlwaysRefresh":false,"showFog":true,"showSkybox":false,"showFlares":true,"showImageEffects":true,"showParticleSystems":true,"showVisualEffectGraphs":true,"m_FxEnabled":true},"in2DMode":false,"pivot":{"x":0.12400001287460327,"y":1.1200000047683716,"z":-8.704000473022461},"rotation":{"x":-0.23967574536800385,"y":0.5625112056732178,"z":-0.17469079792499543,"w":-0.7717657089233398},"size":0.8660253882408142,"orthographic":false}